{"cameraMode":{"drawMode":0,"name":"Shaded","section":"Shading Mode"},"sceneLighting":false,"audioPlay":false,"sceneViewState":{"m_AlwaysRefresh":false,"showFog":true,"showSkybox":false,"showFlares":true,"showImageEffects":true,"showParticleSystems":true,"showVisualEffectGraphs":true,"m_FxEnabled":true},"in2DMode":false,"pivot":{"x":-1.322522759437561,"y":1.2721201181411744,"z":0.35463494062423708},"rotation":{"x":0.059087034314870837,"y":0.6863526105880737,"z":0.056152015924453738,"w":-0.7227277159690857},"size":1.563500165939331,"orthographic":false}