{"cameraMode":{"drawMode":0,"name":"Shaded","section":"Shading Mode"},"sceneLighting":false,"audioPlay":false,"sceneViewState":{"m_AlwaysRefresh":false,"showFog":true,"showSkybox":false,"showFlares":true,"showImageEffects":true,"showParticleSystems":true,"showVisualEffectGraphs":true,"m_FxEnabled":true},"in2DMode":false,"pivot":{"x":0.44548821449279787,"y":0.6716023087501526,"z":0.9186916947364807},"rotation":{"x":-0.09452169388532639,"y":0.7026423215866089,"z":-0.09498181194067002,"w":-0.6988595724105835},"size":0.8787789940834045,"orthographic":false}