{"cameraMode":{"drawMode":0,"name":"Shaded","section":"Shading Mode"},"sceneLighting":false,"audioPlay":false,"sceneViewState":{"m_AlwaysRefresh":false,"showFog":true,"showSkybox":false,"showFlares":true,"showImageEffects":true,"showParticleSystems":true,"showVisualEffectGraphs":true,"m_FxEnabled":true},"in2DMode":false,"pivot":{"x":12.765999794006348,"y":15.238439559936524,"z":36.72742462158203},"rotation":{"x":-0.049754101783037189,"y":0.26319319009780886,"z":0.013597291894257069,"w":0.9633888006210327},"size":22.183332443237306,"orthographic":false}