{"cameraMode":{"drawMode":0,"name":"Shaded","section":"Shading Mode"},"sceneLighting":false,"audioPlay":false,"sceneViewState":{"m_AlwaysRefresh":false,"showFog":true,"showSkybox":true,"showFlares":true,"showImageEffects":true,"showParticleSystems":true,"showVisualEffectGraphs":true,"m_FxEnabled":true},"in2DMode":false,"pivot":{"x":0.09470558166503906,"y":0.2535066604614258,"z":-15.746153831481934},"rotation":{"x":0.20594735443592072,"y":-0.23685571551322938,"z":0.05145584046840668,"w":0.9480969905853272},"size":13.885650634765625,"orthographic":false}