{"cameraMode":{"drawMode":0,"name":"Shaded","section":"Shading Mode"},"sceneLighting":false,"audioPlay":false,"sceneViewState":{"m_AlwaysRefresh":false,"showFog":true,"showSkybox":true,"showFlares":true,"showImageEffects":true,"showParticleSystems":true,"showVisualEffectGraphs":true,"m_FxEnabled":true},"in2DMode":false,"pivot":{"x":28.561321258544923,"y":-1.4251377582550049,"z":11.234561920166016},"rotation":{"x":0.025959372520446779,"y":0.6996306777000427,"z":-0.025375191122293474,"w":0.7136256694793701},"size":25.45614242553711,"orthographic":false}