{"cameraMode":{"drawMode":0,"name":"Shaded","section":"Shading Mode"},"sceneLighting":false,"audioPlay":false,"sceneViewState":{"m_AlwaysRefresh":false,"showFog":true,"showSkybox":true,"showFlares":true,"showImageEffects":true,"showParticleSystems":true,"showVisualEffectGraphs":true,"m_FxEnabled":true},"in2DMode":false,"pivot":{"x":10.522581100463868,"y":5.22714900970459,"z":20.295618057250978},"rotation":{"x":0.05984063446521759,"y":0.42861688137054446,"z":-0.028457317501306535,"w":0.9010794162750244},"size":13.745626449584961,"orthographic":false}