{"cameraMode":{"drawMode":0,"name":"Shaded","section":"Shading Mode"},"sceneLighting":false,"audioPlay":false,"sceneViewState":{"m_AlwaysRefresh":false,"showFog":true,"showSkybox":true,"showFlares":true,"showImageEffects":true,"showParticleSystems":true,"showVisualEffectGraphs":true,"m_FxEnabled":true},"in2DMode":false,"pivot":{"x":0.37067461013793948,"y":1.266181230545044,"z":1.1682415008544922},"rotation":{"x":-0.013300975784659386,"y":0.644061803817749,"z":-0.011215923354029656,"w":-0.7648037075996399},"size":1.213408350944519,"orthographic":false}