{"cameraMode":{"drawMode":0,"name":"Shaded","section":"Shading Mode"},"sceneLighting":false,"audioPlay":false,"sceneViewState":{"m_AlwaysRefresh":false,"showFog":true,"showSkybox":true,"showFlares":true,"showImageEffects":true,"showParticleSystems":true,"showVisualEffectGraphs":true,"m_FxEnabled":true},"in2DMode":false,"pivot":{"x":-1.3985068798065186,"y":-0.12619733810424806,"z":2.9307401180267336},"rotation":{"x":-0.17789439857006074,"y":0.27403324842453005,"z":-0.05163917690515518,"w":-0.9437333345413208},"size":3.464101552963257,"orthographic":false}