{"cameraMode":{"drawMode":0,"name":"Shaded","section":"Shading Mode"},"sceneLighting":false,"audioPlay":false,"sceneViewState":{"m_AlwaysRefresh":false,"showFog":true,"showSkybox":true,"showFlares":true,"showImageEffects":true,"showParticleSystems":true,"showVisualEffectGraphs":true,"m_FxEnabled":true},"in2DMode":false,"pivot":{"x":40.798545837402347,"y":1.1904234886169434,"z":-23.488378524780275},"rotation":{"x":0.005910260137170553,"y":0.8790726065635681,"z":-0.010796543210744858,"w":0.476595401763916},"size":25.45614242553711,"orthographic":false}