{"cameraMode":{"drawMode":0,"name":"Shaded","section":"Shading Mode"},"sceneLighting":false,"audioPlay":false,"sceneViewState":{"m_AlwaysRefresh":false,"showFog":true,"showSkybox":true,"showFlares":true,"showImageEffects":true,"showParticleSystems":true,"showVisualEffectGraphs":true,"m_FxEnabled":true},"in2DMode":false,"pivot":{"x":23.477582931518556,"y":-12.051267623901368,"z":-11.341278076171875},"rotation":{"x":0.26508089900016787,"y":0.6449779868125916,"z":-0.25520700216293337,"w":0.6698235869407654},"size":13.745626449584961,"orthographic":false}