{"cameraMode":{"drawMode":0,"name":"Shaded","section":"Shading Mode"},"sceneLighting":false,"audioPlay":false,"sceneViewState":{"m_AlwaysRefresh":false,"showFog":true,"showSkybox":true,"showFlares":true,"showImageEffects":true,"showParticleSystems":true,"showVisualEffectGraphs":true,"m_FxEnabled":true},"in2DMode":false,"pivot":{"x":-12.242988586425782,"y":0.5685195922851563,"z":-53.335662841796878},"rotation":{"x":-0.002429666230455041,"y":0.969201385974884,"z":-0.009596247225999833,"w":-0.2461412250995636},"size":24.01451301574707,"orthographic":false}