{"cameraMode":{"drawMode":0,"name":"Shaded","section":"Shading Mode"},"sceneLighting":false,"audioPlay":false,"sceneViewState":{"m_AlwaysRefresh":false,"showFog":true,"showSkybox":true,"showFlares":true,"showImageEffects":true,"showParticleSystems":true,"showVisualEffectGraphs":true,"m_FxEnabled":true},"in2DMode":false,"pivot":{"x":9.368904113769532,"y":0.9559021592140198,"z":-13.11303997039795},"rotation":{"x":0.004969485104084015,"y":-0.9795247316360474,"z":0.024396086111664773,"w":0.19988343119621278},"size":1.213408350944519,"orthographic":false}