{"cameraMode":{"drawMode":0,"name":"Shaded","section":"Shading Mode"},"sceneLighting":false,"audioPlay":false,"sceneViewState":{"m_AlwaysRefresh":false,"showFog":true,"showSkybox":true,"showFlares":true,"showImageEffects":true,"showParticleSystems":true,"showVisualEffectGraphs":true,"m_FxEnabled":true},"in2DMode":false,"pivot":{"x":-16.061874389648439,"y":1.1901755332946778,"z":73.27928161621094},"rotation":{"x":0.005372810177505016,"y":-0.0973445475101471,"z":0.0005333806620910764,"w":0.9952568411827087},"size":41.33646774291992,"orthographic":false}