{"cameraMode":{"drawMode":0,"name":"Shaded","section":"Shading Mode"},"sceneLighting":false,"audioPlay":false,"sceneViewState":{"m_AlwaysRefresh":false,"showFog":true,"showSkybox":true,"showFlares":true,"showImageEffects":true,"showParticleSystems":true,"showVisualEffectGraphs":true,"m_FxEnabled":true},"in2DMode":false,"pivot":{"x":9.46215534210205,"y":1.2000000476837159,"z":-13.650405883789063},"rotation":{"x":0.18249361217021943,"y":0.06306415796279907,"z":-0.011725875549018383,"w":0.9811378717422485},"size":5.066025733947754,"orthographic":false}